{"cameraMode":{"drawMode":0,"name":"Shaded","section":"Shading Mode"},"sceneLighting":false,"audioPlay":false,"sceneViewState":{"m_AlwaysRefresh":false,"showFog":true,"showSkybox":false,"showFlares":true,"showImageEffects":true,"showParticleSystems":true,"showVisualEffectGraphs":true,"m_FxEnabled":true},"in2DMode":false,"pivot":{"x":0.03623199462890625,"y":-0.17685115337371827,"z":0.3217897415161133},"rotation":{"x":0.2165401726961136,"y":-0.43096163868904116,"z":0.10697568207979202,"w":0.8696223497390747},"size":0.9454798102378845,"orthographic":false}